strain,insertion: 1bp @ ref pos 0,insertion: 2bp @ ref pos 1432
A/Oregon/03/2019|6|01/28/2019|USA|NA,A,T
A/Florida/81/2018|6|08/30/2018|USA|NA,,CT
A/Virginia/18/2018|6|02/14/2018|USA|NA,,CT
A/Florida/48/2018|6|04/03/2018|USA|NA,,CT
A/Alaska/17/2019|6|02/13/2019|USA|NA,,CT
A/California/224/2019|6|11/27/2019|USA|NA,,CT
A/Pennsylvania/517/2018|6|11/11/2018|USA|NA,,T
A/Iowa/52/2017|6|12/25/2017|USA|NA,,T
A/Arizona/19/2018|6|03/06/2018|USA|NA,,T
A/Colorado/19/2018|6|03/11/2018|USA|NA,,T
A/Nebraska/05/2018|6|01/22/2018|USA|NA,,T
A/Connecticut/31/2017|6|10/07/2017|USA|NA,,T
A/Washington/50/2018|6|02/12/2018|USA|NA,,T
A/Idaho/21/2018|6|04/24/2018|USA|NA,,T
A/Wyoming/07/2019|6|02/04/2019|USA|NA,,T
A/Rhode_Island/22/2019|6|04/01/2019|USA|NA,,T
A/Nevada/01/2018|6|03/18/2018|USA|NA,,T
A/Delaware/13/2019|6|02/05/2019|USA|NA,,T
A/West_Virginia/22/2019|6|03/10/2019|USA|NA,,T
A/Idaho/07/2019|6|01/31/2019|USA|NA,,T
A/California/82/2018|6|11/16/2018|USA|NA,,T
A/Pennsylvania/505/2018|6|11/06/2018|USA|NA,,T
A/Wisconsin/352/2017|6|12/19/2017|USA|NA,,T
A/Nevada/29/2019|6|05/17/2019|USA|NA,,T
A/Louisiana/05/2019|6|01/17/2019|USA|NA,,T
A/California/115/2019|6|03/01/2019|USA|NA,,T
A/California/228/2019|6|12/05/2019|USA|NA,,T
A/New_Hampshire/38/2019|6|12/14/2019|USA|NA,,T
A/Oregon/08/2020|6|02/11/2020|USA|NA,,T
A/Oklahoma/05/2020|6|02/09/2020|USA|NA,,T
A/Nevada/20/2020|6|03/09/2020|USA|NA,,T
A/California/26/2019|6|01/18/2019|USA|NA,,T
A/Montana/41/2018|6|12/03/2018|USA|NA,,T
A/California/21/2019|6|01/08/2019|USA|NA,,T
A/Hawaii/54/2019|6|07/07/2019|USA|NA,,T
A/California/236/2019|6|11/29/2019|USA|NA,,T
A/Wuhan/899/2019|6|01/2019|China|NA,,T
A/North_Carolina/11/2017|6|02/09/2017|USA|NA,,T
